title,company,link,location,date
Applications Software Developer I,Blackberry,https://unstop.com/jobs/applications-software-developer-i-blackberry-769061,"[""Bengaluru""]",3 days left
Senior Software Developer,Oracle,https://unstop.com/jobs/senior-software-developer-oracle-740380,"[""Bengaluru""]",Ended
Sr. Software Developer,Birlasoft,https://unstop.com/jobs/sr-software-developer-birlasoft-750883,"[""Bengaluru""]",Ended
Software Developer,Hewlett Packard,https://unstop.com/jobs/software-developer-hewlett-packard-enterprise-359908,"[""Bengaluru""]",Ended
Senior Software Developer,Wipro Limited,https://unstop.com/jobs/senior-software-developer-wipro-limited-693152,"[""Bengaluru""]",Ended
Software Developer: Front-End,DevRev,https://unstop.com/jobs/software-developer-front-end-devrev-727837,"[""Bengaluru""]",Ended
Software Developer,Siemens,https://unstop.com/jobs/software-developer-siemens-631129,"[""Bengaluru""]",Ended
Software Developer 2,Oracle,https://unstop.com/jobs/software-developer-2-oracle-550681,"[""Bengaluru""]",Ended
Software Developer,Kyndryl India Pvt. Ltd.,https://unstop.com/jobs/software-developer-kyndryl-india-pvt-ltd-364992,"[""Bengaluru"",""Pune""]",Ended
Software Developer,Siemens,https://unstop.com/jobs/software-developer-siemens-488419,"[""Bengaluru""]",Ended
Software Developer,Wipro Technologies,https://unstop.com/jobs/software-developer-wipro-technologies-364986,"[""Bengaluru"",""Pune"",""Hyderabad""]",Ended
Front-end Software Developer,Baker Hughes,https://unstop.com/jobs/front-end-software-developer-baker-hughes-566801,"[""Bengaluru""]",Ended
Software Developer (iOS),Lenskart,https://unstop.com/jobs/software-developer-ios-lenskart-604327,"[""Bengaluru""]",Ended
Junior Software Developer,Siemens,https://unstop.com/jobs/junior-software-developer-siemens-372156,"[""Bengaluru""]",Ended
Software Developer (GraphQL with NodeJS),Sutherland Global Services,https://unstop.com/jobs/software-developer-graphql-with-nodejs-sutherland-global-services-529038,"[""Bengaluru""]",Ended
Software Developer (Web Applications),Larsen & Toubro Limited (L&T),https://unstop.com/jobs/software-developer-web-applications-larsen-toubro-limited-lt-660399,"[""Bengaluru""]",Ended
Technical Specialist Associate (Media Management),Commvault Software company,https://unstop.com/jobs/technical-specialist-associate-media-management-commvault-software-company-790553,"[""Bengaluru""]",1 days left
Developer,Wipro Technologies,https://unstop.com/jobs/developer-wipro-technologies-774919,"[""Hyderabad"",""Bengaluru""]",5 days left
Software Engineer,EY (Ernst & Young),https://unstop.com/jobs/software-engineer-ey-ernst-young-772209,"[""Bengaluru""]",6 days left
Software Engineer,Visa Inc.,https://unstop.com/jobs/software-engineer-visa-inc-769668,"[""Bengaluru""]",4 days left
Software Engineer,EY (Ernst & Young),https://unstop.com/jobs/software-engineer-ey-ernst-young-776231,"[""Bengaluru""]",9 days left
Lead UI Developer,Conduent,https://unstop.com/jobs/lead-ui-developer-conduent-767104,"[""Bengaluru""]",1 days left
Software Engineer Associate,Goldman Sachs,https://unstop.com/jobs/human-capital-management-software-engineer-associate-goldman-sachs-782881,"[""Bengaluru""]",6 days left
"Software Engineering, New Grad",Figmatic Solutions,https://unstop.com/jobs/software-engineering-new-grad-figmatic-solutions-768326,"[""Bengaluru"",""Karnataka""]",2 days left
"Software Engineering, New Grad",Stripe,https://unstop.com/jobs/software-engineering-new-grad-stripe-768334,"[""Bengaluru""]",2 days left
Junior Cloud Network Software Engineer,Apple Inc.,https://unstop.com/jobs/junior-cloud-network-software-engineer-apple-780408,"[""Bengaluru""]",8 days left
"Software Development Engineer II, Amazon Devices Connectivity and OS",Amazon,https://unstop.com/jobs/software-development-engineer-ii-amazon-devices-connectivity-and-os-amazon-784475,"[""Bengaluru""]",17 days left
Software QA Test Developer - Automotive,NVIDIA,https://unstop.com/jobs/software-qa-test-developer-automotive-nvidia-749374,"[""Bengaluru""]",Ended
Software Application Developer,Intel,https://unstop.com/jobs/software-application-developer-intel-665771,"[""Bengaluru""]",Ended
Software Engineer Developer,Sutherland Global Services,https://unstop.com/jobs/software-engineer-developer-sutherland-global-services-582933,"[""Bengaluru""]",Ended
Software Engineer Developer (WAH),Sutherland Global Services,https://unstop.com/jobs/software-engineer-developer-wah-sutherland-global-services-583577,"[""Bengaluru""]",Ended
Software Engineer - Full-Stack Developer,Autodesk Inc,https://unstop.com/jobs/software-engineer-full-stack-developer-autodesk-inc-668298,"[""Bengaluru""]",Ended
Associate Information Security Analyst,Guidewire Software,https://unstop.com/jobs/associate-information-security-analyst-guidewire-software-760435,"[""Bengaluru""]",Ended
Software Engineer Developer (Java & ReactJS),Sutherland Global Services,https://unstop.com/jobs/software-engineer-developer-java-reactjs-sutherland-global-services-576560,"[""Bengaluru""]",Ended
"Software Engineer Developer (C++, QT/ QML) (WFH)",Sutherland Global Services,https://unstop.com/jobs/software-engineer-developer-c-qt-qml-wfh-sutherland-global-services-576555,"[""Bengaluru""]",Ended
Senior Software Engineer,G2 Software,https://unstop.com/jobs/senior-software-engineer-g2-software-433269,"[""Bengaluru""]",Ended
Engineering Specialist - JAVA,Software AG,https://unstop.com/jobs/engineering-specialist-java-software-ag-724112,"[""Bengaluru""]",Ended
Web Developer,Accenture,https://unstop.com/jobs/web-developer-accenture-767061,"[""Bengaluru""]",Ended
Software Engineer,Motorola Solutions,https://unstop.com/jobs/software-engineer-motorola-solutions-764722,"[""Bengaluru""]",Ended
Staff Software Engineering,okta,https://unstop.com/jobs/staff-software-engineering-okta-781879,"[""Bengaluru""]",Ended
Software Engineer,Google,https://unstop.com/jobs/software-engineer-google-762079,"[""Bengaluru""]",Ended
Associate Software Engineer,OutSystems,https://unstop.com/jobs/associate-software-engineer-outsystems-758050,"[""Bengaluru""]",Ended
Senior Software Engineer,Tiger Analytics,https://unstop.com/jobs/senior-software-engineer-tiger-analytics-765980,"[""Chennai"",""Bengaluru"",""Hyderabad""]",Ended
Software Engineer,Hitachi,https://unstop.com/jobs/software-engineer-hitachi-745465,"[""Bengaluru""]",Ended
Senior Chat Coordinator,Zarantech Software,https://unstop.com/jobs/senior-chat-coordinator-zarantech-software-394029,"[""Bengaluru""]",Ended
Content Marketing Specialist,G2 Software,https://unstop.com/jobs/content-marketing-specialist-g2-software-386014,"[""Bengaluru""]",Ended
Software Test Engineer,Google,https://unstop.com/jobs/software-test-engineer-google-761777,"[""Bengaluru""]",Ended
SEO Outreach Specialist,G2 Software,https://unstop.com/jobs/seo-outreach-specialist-g2-software-433268,"[""Bengaluru""]",Ended
Data Operations Specialist,G2 Software,https://unstop.com/jobs/data-operations-specialist-g2-software-385976,"[""Bengaluru""]",Ended
Business Development Coordinator,G2 Software,https://unstop.com/jobs/business-development-coordinator-g2-software-386012,"[""Bengaluru""]",Ended
Senior Sales Consultant,Zarantech Software,https://unstop.com/jobs/senior-sales-consultant-zarantech-software-393966,"[""Bengaluru""]",Ended
HR Recruiter,Zarantech Software,https://unstop.com/jobs/hr-recruiter-zarantech-software-393996,"[""Bengaluru""]",Ended
Google Ads Software Engineer,Google,https://unstop.com/jobs/google-ads-software-engineer-google-762041,"[""Bengaluru""]",Ended
Technical Infrastructure Software Engineer,Google,https://unstop.com/jobs/technical-infrastructure-software-engineer-google-762071,"[""Bengaluru""]",Ended
Associate - Software Engineering,Goldman Sachs,https://unstop.com/jobs/associate-software-engineering-goldman-sachs-773459,"[""Bengaluru""]",Ended
Developer,Wipro Limited,https://unstop.com/jobs/developer-wipro-limited-689090,"[""Bengaluru""]",Ended
Salesforce Development Application Developer,Accenture,https://unstop.com/jobs/salesforce-development-application-developer-accenture-768495,"[""Bengaluru""]",Ended
Software Engineer,JPMorgan Chase & Co.,https://unstop.com/jobs/software-engineer-jpmorgan-chase-co-722436,"[""Bengaluru""]",Ended
Developer,Wipro Limited,https://unstop.com/jobs/developer-wipro-limited-686785,"[""Bengaluru""]",Ended
Software Engineer,GE Healthcare,https://unstop.com/jobs/software-engineer-ge-healthcare-721137,"[""Bengaluru""]",Ended
Developer,SAP,https://unstop.com/jobs/developer-sap-685668,"[""Bengaluru"",""Karnataka""]",Ended
Java J2EE Developer,Oracle,https://unstop.com/jobs/java-j2ee-developer-oracle-735608,"[""Bengaluru""]",Ended
Developer Associate,SAP,https://unstop.com/jobs/developer-associate-sap-716069,"[""Bengaluru""]",Ended
Frontend Developer,Simpl,https://unstop.com/jobs/frontend-developer-simpl-717109,"[""Bengaluru""]",Ended
Android Developer,CRED,https://unstop.com/jobs/android-developer-cred-717036,"[""Bengaluru""]",Ended
Sr. Software Engineer,Tech Mahindra,https://unstop.com/jobs/sr-software-engineer-tech-mahindra-744558,"[""Bengaluru""]",Ended
Associate Software Engineer - Avionics,Boeing,https://unstop.com/jobs/associate-software-engineer-avionics-boeing-760437,"[""Bengaluru""]",Ended
Engineer QA Manual,Nagarro Software Pvt Ltd,https://unstop.com/jobs/engineer-qa-manual-nagarro-software-pvt-ltd-677834,"[""Bengaluru""]",Ended
Java Developer,Tech Mahindra,https://unstop.com/jobs/java-developer-tech-mahindra-694678,"[""Bengaluru"",""Karnataka""]",Ended
Software Development Engineer,Junglee Games,https://unstop.com/jobs/software-development-engineer-junglee-games-726907,"[""Bengaluru"",""Karnataka""]",Ended
Frontend Developer,CRED,https://unstop.com/jobs/frontend-developer-cred-696631,"[""Bengaluru""]",Ended
Software Engineer,Natwest Group,https://unstop.com/jobs/software-engineer-natwest-group-694674,"[""Bengaluru"",""Karnataka""]",Ended
ATCi - Software Engineering,Accenture,https://unstop.com/jobs/atci-software-engineering-accenture-757983,"[""Bengaluru""]",Ended
Software Development Engineer-Backend,CRED,https://unstop.com/jobs/software-development-engineer-backend-cred-729278,"[""Bengaluru""]",Ended
Engagement Manager,Conga Software Private Limited,https://unstop.com/jobs/engagement-manager-conga-software-private-limited-460763,"[""Bangalore"",""Bengaluru""]",Ended
Developer,AXA Insurance,https://unstop.com/jobs/developer-axa-insurance-603556,"[""Adilabad"",""Bengaluru""]",Ended
Software Development Engineer II,Flipkart,https://unstop.com/jobs/software-development-engineer-ii-flipkart-740391,"[""Bengaluru""]",Ended
Developer,IDFC FIRST Bank,https://unstop.com/jobs/developer-idfc-first-bank-552969,"[""Mumbai"",""Bengaluru""]",Ended
Developer,AXA XL,https://unstop.com/jobs/developer-axa-xl-487716,"[""Bengaluru""]",Ended
"Developer, AMS",Conga Software Private Limited,https://unstop.com/jobs/developer-ams-conga-software-private-limited-460762,"[""Ahmedabad"",""Bangalore"",""Bengaluru""]",Ended
"Software Engineer, Engineering Productivity, Google Cloud",Google,https://unstop.com/jobs/software-engineer-engineering-productivity-google-cloud-google-762070,"[""Bengaluru""]",Ended
Application Developer,Accenture,https://unstop.com/jobs/sap-abap-development-for-hana-application-developer-accenture-689087,"[""Bengaluru""]",Ended
Business Development Executive,Agumentik Software Private Limited,https://unstop.com/jobs/business-development-executive-agumentik-software-private-limited-400834,"[""Bengaluru""]",Ended
Generative AI- UX Developer,Eli Lilly & Company,https://unstop.com/jobs/generative-ai-ux-developer-eli-lilly-company-734368,"[""Bengaluru""]",Ended
Software Engineer,Honeywell,https://unstop.com/jobs/software-engineer-honeywell-688227,"[""Bengaluru"",""Karnataka""]",Ended
Abinitio Developer,Tata Consultancy Services (TCS),https://unstop.com/jobs/abinitio-developer-tata-consultancy-services-tcs-685145,"[""Bengaluru"",""Karnataka""]",Ended
Software Engineering Specialist,GE Healthcare,https://unstop.com/jobs/software-engineering-specialist-ge-healthcare-721819,"[""Bengaluru""]",Ended
Full Stack Developer,Honeywell,https://unstop.com/jobs/full-stack-developer-honeywell-713396,"[""Bengaluru"",""Gurgaon""]",Ended
Tableau Developer,Deloitte,https://unstop.com/jobs/tableau-developer-deloitte-686922,"[""Bengaluru""]",Ended
Software Engineer Professional,BT Group,https://unstop.com/jobs/software-engineer-professional-bt-group-714617,"[""Bengaluru""]",Ended
Software Engineer,McKinsey and Company,https://unstop.com/jobs/software-engineer-mckinsey-and-company-690848,"[""Bengaluru"",""Gurgaon""]",Ended
Embedded Software Engineer,Bosch India Ltd.,https://unstop.com/jobs/embedded-software-engineer-bosch-india-ltd-714600,"[""Bengaluru""]",Ended
Software Engineer,GE Healthcare,https://unstop.com/jobs/software-engineer-ge-healthcare-683437,"[""Bengaluru"",""Karnataka""]",Ended
Junior Functional Engineer (Customer Support),Finastra Software Solutions Private Limited,https://unstop.com/jobs/junior-functional-engineer-customer-support-finastra-software-solutions-private-limited-503409,"[""Bengaluru""]",Ended
Software Engineer,GE Aerospace,https://unstop.com/jobs/software-engineer-ge-aerospace-679663,"[""Bengaluru"",""Karnataka""]",Ended
Software Engineer,Boeing,https://unstop.com/jobs/software-engineer-boeing-678829,"[""Bengaluru"",""Karnataka""]",Ended
Sr. Hubspot Developer,Uplers,https://unstop.com/jobs/sr-hubspot-developer-uplers-694635,"[""Bengaluru"",""Gurgaon""]",Ended
.Net Developer,Deloitte,https://unstop.com/jobs/net-developer-deloitte-675625,"[""Bengaluru"",""Chennai"",""Gurgaon"",""Hyderabad"",""Kolkata"",""Mumbai"",""Pune""]",Ended
Software Engineer,GE Healthcare,https://unstop.com/jobs/software-engineer-ge-healthcare-681069,"[""Bengaluru"",""Karnataka""]",Ended
Java Developer,Infosys BPM,https://unstop.com/jobs/java-developer-infosys-bpm-672767,"[""Bengaluru"",""Karnataka""]",Ended
Junior Developer,Hewlett Packard,https://unstop.com/jobs/junior-developer-hewlett-packard-enterprise-649101,"[""Bengaluru""]",Ended
IT Software Engineer,Palo Alto Networks India,https://unstop.com/jobs/it-software-engineer-palo-alto-networks-india-674484,"[""Bengaluru"",""Karnataka""]",Ended
Software Engineering - AutoCAD 12,Accenture,https://unstop.com/jobs/software-engineering-autocad-12-accenture-743346,"[""Bengaluru""]",Ended
Qliksense Developer,JPMorgan Chase & Co.,https://unstop.com/jobs/qliksense-developer-jpmorgan-chase-co-664575,"[""Bengaluru""]",Ended
Software Engineer - Java,Millennium Infotech,https://unstop.com/jobs/software-engineer-java-millennium-722595,"[""Bengaluru""]",Ended
Software Engineer,Baker Hughes,https://unstop.com/jobs/software-engineer-baker-hughes-669865,"[""Bengaluru""]",Ended
Software Engineer,GE Healthcare,https://unstop.com/jobs/software-engineer-ge-healthcare-666931,"[""Bengaluru"",""Karnataka""]",Ended
Software Engineer,Clarivate Analytics,https://unstop.com/jobs/software-engineer-clarivate-analytics-675300,"[""Bengaluru"",""Karnataka""]",Ended
Software Engineer,"Lowe's Companies, Inc.",https://unstop.com/jobs/software-engineer-lowes-companies-inc-670921,"[""Bengaluru""]",Ended
Golang Developer,Cyware Labs,https://unstop.com/jobs/golang-developer-cyware-labs-606440,"[""Bengaluru""]",Ended
Tableau Developer,London Stock Exchange Group,https://unstop.com/jobs/tableau-developer-london-stock-exchange-group-597423,"[""Bengaluru""]",Ended
Offshore Developer,Sutherland Global Services,https://unstop.com/jobs/offshore-developer-sutherland-global-services-643550,"[""Bengaluru""]",Ended
ServiceNow Developer,Hewlett Packard,https://unstop.com/jobs/servicenow-developer-hewlett-packard-enterprise-597255,"[""Bengaluru""]",Ended
Blockchain Developer,CoinSwitch Kuber,https://unstop.com/jobs/blockchain-developer-coinswitch-kuber-623267,"[""Bengaluru""]",Ended
ASP.Net Developer,GeekyAnts,https://unstop.com/jobs/aspnet-developer-geekyants-610640,"[""Bengaluru""]",Ended
Java Developer,Unisys,https://unstop.com/jobs/java-developer-unisys-608751,"[""Bengaluru""]",Ended
Java Developer,Unisys,https://unstop.com/jobs/java-developer-unisys-617521,"[""Bengaluru""]",Ended
Python Developer,WatchOut Wearables,https://unstop.com/jobs/python-developer-watchout-wearables-581854,"[""Bengaluru""]",Ended
Mobile Developer,CoinDCX,https://unstop.com/jobs/mobile-developer-coindcx-543322,"[""Mumbai"",""Bengaluru""]",Ended
Software Engineer 1 -Unity,Zynga,https://unstop.com/jobs/software-engineer-1-unity-zynga-721154,"[""Bengaluru""]",Ended
iOS Developer,CRED,https://unstop.com/jobs/ios-developer-cred-416976,"[""Bengaluru""]",Ended
Software Engineer,Cisco,https://unstop.com/jobs/software-engineer-cisco-667818,"[""Bengaluru""]",Ended
Front-End Developer,Examarly,https://unstop.com/jobs/front-end-developer-examarly-421901,"[""Bengaluru""]",Ended
Python Developer,More Retail Pvt. Ltd.,https://unstop.com/jobs/python-developer-more-retail-qode-the-future-challenge-more-retail-pvt-ltd-330186,"[""Bengaluru""]",Ended
Associate Developer,Unisys,https://unstop.com/jobs/associate-developer-unisys-598441,"[""Bengaluru""]",Ended
Frontend Developer,Polkadex,https://unstop.com/jobs/frontend-developer-polkadex-594382,"[""Bengaluru""]",Ended
Software Engineer,PayPal,https://unstop.com/jobs/software-engineer-paypal-626474,"[""Chennai"",""Bengaluru""]",Ended
ASP.NET Developer,Other organization not listed here,https://unstop.com/jobs/aspnet-developer-artiscien-613375,"[""Bengaluru""]",Ended
Salesforce Developer,Salesforce,https://unstop.com/jobs/salesforce-developer-salesforce-564382,"[""Bengaluru"",""Hyderabad"",""Gurgaon"",""Mumbai"",""Pune""]",Ended
Frontend Developer,Polkadex,https://unstop.com/jobs/frontend-developer-polkadex-590163,"[""Bengaluru""]",Ended
Back-end Developer,SatSure Analytics India Private Limited,https://unstop.com/jobs/back-end-developer-satsure-analytics-india-private-limited-402697,"[""Bengaluru""]",Ended
iOS Developer,Kutumb Foundation,https://unstop.com/jobs/ios-developer-kutumb-foundation-443716,"[""Bengaluru""]",Ended
Sharepoint Developer,EY (Ernst & Young),https://unstop.com/jobs/sharepoint-developer-ey-ernst-young-371193,"[""Bengaluru""]",Ended
C/C++ Developer,Luxoft India LLP,https://unstop.com/jobs/cc-developer-luxoft-359909,"[""Bengaluru""]",Ended
User Assistance Developer,SAP,https://unstop.com/jobs/user-assistance-developer-sap-686792,"[""Bengaluru"",""Karnataka""]",Ended
Android Developer,CRED,https://unstop.com/jobs/android-developer-cred-457833,"[""Bengaluru""]",Ended
Fullstack Developer,Oracle,https://unstop.com/jobs/fullstack-developer-oracle-479703,"[""Pune"",""Mumbai"",""Bengaluru""]",Ended
Business Developer,IKEA,https://unstop.com/jobs/business-developer-ikea-448764,"[""Bengaluru""]",Ended
Flutter Developer,CRED,https://unstop.com/jobs/flutter-developer-cred-416969,"[""Bengaluru""]",Ended
Backend Developer,CRED,https://unstop.com/jobs/backend-developer-cred-415598,"[""Bengaluru""]",Ended
DotNet Developer,LiftOff LLC,https://unstop.com/jobs/dotnet-developer-liftoff-llc-413378,"[""Bengaluru""]",Ended
Back-End Developer,Examarly,https://unstop.com/jobs/back-end-developer-examarly-421889,"[""Bengaluru""]",Ended
UI Developer,Microfocus,https://unstop.com/jobs/ui-developer-microfocus-433289,"[""Bengaluru""]",Ended
PHP Developer,Agumentik Group of Companies,https://unstop.com/jobs/php-developer-agumentik-group-of-companies-401389,"[""Bengaluru""]",Ended
Software Engineer,Shell Global,https://unstop.com/jobs/software-engineer-shell-global-598257,"[""Bengaluru""]",Ended
Software Development Engineer,Seimens,https://unstop.com/jobs/software-development-engineer-seimens-690790,"[""Bengaluru"",""Karnataka""]",Ended
Full Stack Developer,IIE Network,https://unstop.com/jobs/full-stack-developer-iie-network-685852,"[""Bengaluru""]",Ended
Software Engineer,London Stock Exchange Group,https://unstop.com/jobs/software-engineer-london-stock-exchange-group-602605,"[""Bengaluru""]",Ended
Embedded Software Engineer,Tata Elxsi Limited,https://unstop.com/jobs/embedded-software-engineer-tata-elxsi-limited-687595,"[""Bengaluru""]",Ended
Software Engineer,Fidelity Investments,https://unstop.com/jobs/software-engineer-fidelity-investments-590491,"[""Bengaluru""]",Ended
Software Engineer,Microsoft,https://unstop.com/jobs/software-engineer-microsoft-380907,"[""Bengaluru""]",Ended
Software Engineer,ZF Group,https://unstop.com/jobs/software-engineer-zf-group-438156,"[""Bengaluru""]",Ended
Software Engineer,Motorola Solutions,https://unstop.com/jobs/software-engineer-motorola-solutions-364275,"[""Bengaluru""]",Ended
Software Engineer,PhonePe,https://unstop.com/jobs/software-engineer-phonepe-639450,"[""Bengaluru""]",Ended
Software Engineer,Uber Technologies Inc.,https://unstop.com/jobs/software-engineer-uber-technologies-inc-361551,"[""Bengaluru""]",Ended
Software Development Test Engineer,Dunzo,https://unstop.com/jobs/software-development-test-engineer-dunzo-713131,"[""Bengaluru""]",Ended
Software Engineer,Cargill India,https://unstop.com/jobs/software-engineer-cargill-india-613916,"[""Bengaluru""]",Ended
Software Engineer,Devenv Tech Private Limited,https://unstop.com/jobs/software-engineer-devenv-tech-pvt-ltd-602444,"[""Bengaluru""]",Ended
Software Engineer,PayPal,https://unstop.com/jobs/software-engineer-paypal-599190,"[""Bengaluru""]",Ended
Software Engineer,Hewlett Packard,https://unstop.com/jobs/software-engineer-hewlett-packard-362349,"[""Bengaluru""]",Ended
Software Engineer,Blackhawk Network Holdings Inc.,https://unstop.com/jobs/software-engineer-blackhawk-network-holdings-inc-438801,"[""Bengaluru""]",Ended
Software Engineer,Goldman Sachs,https://unstop.com/jobs/software-engineer-goldman-sachs-362287,"[""Bengaluru""]",Ended
Software Engineer,PayPal,https://unstop.com/jobs/software-engineer-paypal-359884,"[""Bengaluru"",""Chennai""]",Ended
Software Engineer - Associate,Goldman Sachs,https://unstop.com/jobs/software-engineer-associate-goldman-sachs-695951,"[""Bengaluru""]",Ended
Applications Developer 1,Oracle,https://unstop.com/jobs/applications-developer-1-oracle-672494,"[""Mumbai"",""Bengaluru"",""Chennai"",""Hyderabad""]",Ended
Software Engineer 2,Intuit,https://unstop.com/jobs/software-engineer-2-intuit-675298,"[""Bengaluru""]",Ended
Software Development Engineer,Apple Inc.,https://unstop.com/jobs/software-development-engineer-apple-inc-679449,"[""Bengaluru""]",Ended
Game Developer Associate,PricewaterhouseCoopers (PwC),https://unstop.com/jobs/game-developer-associate-pricewaterhousecoopers-pwc-667045,"[""Bengaluru""]",Ended
Cellular Software Development Engineer,Apple Inc.,https://unstop.com/jobs/cellular-software-development-engineer-apple-inc-694255,"[""Bengaluru"",""Karnataka""]",Ended
Engineer Trainee - Software Engineering,American Express,https://unstop.com/jobs/engineer-trainee-software-engineering-american-express-722345,"[""Bengaluru""]",Ended
Power Apps Developer,AECOM,https://unstop.com/jobs/power-apps-developer-aecom-649226,"[""Bengaluru""]",Ended
Java Full-Stack Developer,Mapout Private Limited,https://unstop.com/jobs/java-full-stack-developer-mapout-private-limited-659912,"[""Hyderabad"",""Bengaluru""]",Ended
Software Development Engineer II,Amazon,https://unstop.com/jobs/software-development-engineer-ii-amazon-692284,"[""Bengaluru"",""Karnataka""]",Ended
Android Framework Developer,Mercedes-Benz Research & Development India,https://unstop.com/jobs/android-framework-developer-mercedes-benz-research-development-india-600680,"[""Bengaluru""]",Ended
Embedded Software Engineer,Robert Bosch GmbH,https://unstop.com/jobs/embedded-software-engineer-robert-bosch-gmbh-672625,"[""Bengaluru""]",Ended
SharePoint API Developer,Dell Technologies,https://unstop.com/jobs/sharepoint-api-developer-dell-technologies-643608,"[""Bengaluru""]",Ended
Software Quality Engineer,Adobe Inc.,https://unstop.com/p/software-quality-engineer-adobe-inc-659132,"[""Bengaluru""]",Ended
Associate Software Engineer,Moody's,https://unstop.com/p/associate-software-engineer-moodys-658028,"[""Bengaluru""]",Ended
Applications Developer 1,Oracle,https://unstop.com/jobs/applications-developer-1-oracle-626313,"[""Bengaluru""]",Ended
Business Intelligence Developer,Hewlett Packard,https://unstop.com/jobs/business-intelligence-developer-hewlett-packard-611274,"[""Bengaluru""]",Ended
Developer (Java and PLSQL),Oracle,https://unstop.com/jobs/developer-java-and-plsql-oracle-575871,"[""Bengaluru""]",Ended
Java Microservices Developer,Oracle,https://unstop.com/jobs/java-microservices-developer-oracle-479704,"[""Bengaluru""]",Ended
Application Developer II,Oracle,https://unstop.com/jobs/application-developer-ii-oracle-564443,"[""Bengaluru""]",Ended
Backend Developer (SDE-1/2),Games24x7,https://unstop.com/jobs/backend-developer-sde-12-games24x7-446764,"[""Bengaluru""]",Ended
React Native Developer,PhonePe,https://unstop.com/jobs/react-native-developer-phonepe-422026,"[""Bengaluru""]",Ended
React Native Developer,More Retail Pvt. Ltd.,https://unstop.com/jobs/react-native-developer-more-retail-qode-the-future-challenge-more-retail-pvt-ltd-330183,"[""Bengaluru""]",Ended
RPA Senior Developer,Wipro Technologies,https://unstop.com/jobs/rpa-senior-developer-wipro-technologies-443926,"[""Mumbai"",""Delhi"",""Chennai"",""Pune"",""Bengaluru"",""Kolkata"",""Faridabad"",""Noida""]",Ended
AB Suite Developer,Unisys,https://unstop.com/jobs/ab-suite-developer-unisys-617612,"[""Bengaluru""]",Ended
Associate AbSuite Developer,Unisys,https://unstop.com/jobs/associate-absuite-developer-unisys-617622,"[""Bengaluru""]",Ended
GS Software Engineer,BT Group,https://unstop.com/jobs/gs-software-engineer-bt-group-637273,"[""Bengaluru""]",Ended
Android Developer (SDE-I),ShareChat,https://unstop.com/jobs/android-developer-sde-i-sharechat-446467,"[""Bengaluru""]",Ended
React Native Developer,ShareChat,https://unstop.com/jobs/react-native-developer-sharechat-419352,"[""Bengaluru""]",Ended
Full Stack Developer,GoGuardian,https://unstop.com/jobs/full-stack-developer-go-guardian-564578,"[""Bengaluru""]",Ended
Senior Software Engineer,London Stock Exchange Group,https://unstop.com/jobs/senior-software-engineer-london-stock-exchange-group-601763,"[""Bengaluru""]",Ended
Android Developer (SDE-II),ShareChat,https://unstop.com/jobs/android-developer-sde-ii-sharechat-446469,"[""Bengaluru""]",Ended
SQL Developer (Mid-Level),CGI,https://unstop.com/jobs/sql-developer-mid-level-cgi-449016,"[""Bengaluru""]",Ended
Senior Backend Developer,Ditto,https://unstop.com/jobs/senior-backend-developer-ditto-439437,"[""Bengaluru""]",Ended
Associate Software Engineer,EY (Ernst & Young),https://unstop.com/jobs/associate-software-engineer-ey-ernst-young-602205,"[""Bengaluru""]",Ended
Graphic Developer (SDE-II/III),ShareChat,https://unstop.com/jobs/graphic-developer-sde-iiiii-sharechat-419362,"[""Bengaluru""]",Ended
Software Engineer I,Epsilon India,https://unstop.com/jobs/software-engineer-i-epsilon-india-604551,"[""Bengaluru""]",Ended
Avature Software Engineer,IKEA,https://unstop.com/jobs/avature-software-engineer-ikea-599482,"[""Bengaluru""]",Ended
Software Engineer DevOps,London Stock Exchange Group,https://unstop.com/jobs/software-engineer-devops-london-stock-exchange-group-602618,"[""Bengaluru""]",Ended
Software Engineer (Professional),BT Group,https://unstop.com/jobs/software-engineer-professional-bt-group-597300,"[""Bengaluru""]",Ended
Software Engineer II,Uber Technologies Inc.,https://unstop.com/jobs/software-engineer-ii-uber-technologies-inc-588933,"[""Bengaluru""]",Ended
Embedded Software Engineer,LTIMindtree,https://unstop.com/jobs/embedded-software-engineer-ltimindtree-590114,"[""Bengaluru""]",Ended
Senior Software Engineer,Sony,https://unstop.com/jobs/senior-software-engineer-sony-598012,"[""Bengaluru""]",Ended
Software Engineer (MIT),Moody's Corporation,https://unstop.com/jobs/software-engineer-mit-moodys-corporation-585566,"[""Bengaluru""]",Ended
Software Development Engineer,MountBlue Technologies Private LImited,https://unstop.com/jobs/software-development-engineer-mountblue-technologies-private-limited-597662,"[""Bengaluru""]",Ended
Software Engineer Development,Sutherland Global Services,https://unstop.com/jobs/software-engineer-development-sutherland-global-services-484218,"[""Bengaluru""]",Ended
Software Engineer 1,PayPal,https://unstop.com/jobs/software-engineer-1-paypal-511850,"[""Bengaluru"",""Chennai""]",Ended
Specialist Software Engineer,Larsen and Toubro Infotech,https://unstop.com/jobs/specialist-software-engineer-larsen-and-toubro-infotech-522564,"[""Bengaluru""]",Ended
Software Engineer II,Uber Technologies Inc.,https://unstop.com/jobs/software-engineer-ii-uber-technologies-inc-525666,"[""Bengaluru""]",Ended
Automation Software Engineer,Zebra Technologies,https://unstop.com/jobs/automation-software-engineer-zebra-technologies-439795,"[""Bengaluru""]",Ended
Senior Software Engineer ,RedBus.in,https://unstop.com/jobs/senior-software-engineer-redbusin-440637,"[""Bengaluru""]",Ended
Software Engineer (Java),RedBus.in,https://unstop.com/jobs/software-engineer-java-redbusin-440861,"[""Bengaluru""]",Ended
Frontend Software Engineer,AiDash,https://unstop.com/jobs/frontend-software-engineer-aidash-493595,"[""Bengaluru""]",Ended
Backend Software Engineer ,Bewakoof.com,https://unstop.com/jobs/backend-software-engineer-bewakoofcom-418031,"[""Bengaluru""]",Ended
Staff Software Engineer,GE Aviation,https://unstop.com/jobs/staff-software-engineer-ge-aviation-413240,"[""Bengaluru""]",Ended
Software Engineer 2,Dell Technologies,https://unstop.com/jobs/software-engineer-2-dell-technologies-364980,"[""Bengaluru""]",Ended
Software Engineer (ReactJS),RedBus.in,https://unstop.com/jobs/software-engineer-reactjs-redbusin-440889,"[""Bengaluru""]",Ended
Software Engineering Internship,Trellix,https://unstop.com/jobs/software-engineering-internship-trellix-430702,"[""Bengaluru""]",Ended
QA Software Engineer,Altisource Business Solutions,https://unstop.com/jobs/qa-software-engineer-altisource-business-solutions-387755,"[""Bengaluru""]",Ended
Navigation Software Engineer,Qualcomm,https://unstop.com/jobs/navigation-software-engineer-qualcomm-380812,"[""Bengaluru""]",Ended
Software Engineer Specialist,FIS Global,https://unstop.com/jobs/software-engineer-specialist-fis-global-401691,"[""Pune"",""Bengaluru""]",Ended
Software Engineer II,Uber Technologies Inc.,https://unstop.com/jobs/software-engineer-ii-uber-technologies-inc-374311,"[""Bengaluru""]",Ended
Software Engineer I,Hewlett Packard,https://unstop.com/jobs/software-engineer-i-hewlett-packard-372358,"[""Bengaluru""]",Ended
Associate Software Engineer,Accenture,https://unstop.com/jobs/associate-software-engineer-accenture-362400,"[""Bengaluru"",""Hyderabad"",""Pune"",""Mumbai"",""Chennai"",""Gurgaon"",""Kolkata""]",Ended
Tech-Associate Software Engineering,Accenture,https://unstop.com/jobs/tech-associate-software-engineering-accenture-556818,"[""Bengaluru""]",Ended
Software Test Engineer,"Advarra, Inc.",https://unstop.com/jobs/software-test-engineer-advarra-643089,"[""Bengaluru""]",Ended
Software Engineer (Java),Furlenco,https://unstop.com/jobs/software-engineer-java-furlenco-423705,"[""Bengaluru""]",Ended
Software Engineering Analyst,Goldman Sachs,https://unstop.com/jobs/software-engineering-analyst-goldman-sachs-384584,"[""Bengaluru""]",Ended
Software Engineering Specialist,General Electric,https://unstop.com/jobs/software-engineering-specialist-general-electric-361276,"[""Bengaluru""]",Ended
Senior Java Fullstack Developer,Larsen & Toubro Infotech Mindtree,https://unstop.com/jobs/senior-java-fullstack-developer-larsen-toubro-infotech-mindtree-678818,"[""Bengaluru"",""Karnataka""]",Ended
Software Engineer II,Expedia,https://unstop.com/jobs/software-engineer-ii-expedia-605933,"[""Bengaluru""]",Ended
Software Engineer (DevOps),CoinDCX,https://unstop.com/jobs/software-engineer-devops-coindcx-610618,"[""Bengaluru""]",Ended
Software Engineer II,Rakupa Technologies India Private Limited,https://unstop.com/jobs/software-engineer-ii-rakupa-technologies-india-private-limited-597374,"[""Bengaluru""]",Ended
Software R&D Manager,Ericsson Telecommunications Company,https://unstop.com/jobs/software-rd-manager-ericsson-telecommunications-company-583436,"[""Bengaluru""]",Ended
Software Engineering Associate,Natwest Group,https://unstop.com/jobs/software-engineering-associate-natwest-group-512014,"[""Bengaluru""]",Ended
Software Engineer (ML),Walmart Global Tech in India,https://unstop.com/jobs/software-engineer-ml-walmart-global-tech-india-440096,"[""Bengaluru""]",Ended
Software Engineer II,Honeywell Technology Solutions Inc.,https://unstop.com/jobs/software-engineer-ii-honeywell-technology-solutions-inc-413006,"[""Bengaluru""]",Ended
Software Engineer III,American Express,https://unstop.com/jobs/software-engineer-iii-american-express-384622,"[""Bengaluru""]",Ended
Software Development Engineer,Amazon,https://unstop.com/jobs/software-development-engineer-amazon-362742,"[""Bengaluru""]",Ended
Software Validation Engineer,Dell Technologies,https://unstop.com/jobs/software-validation-engineer-dell-technologies-457820,"[""Bengaluru""]",Ended
Software Engineer (Infra),PhonePe,https://unstop.com/jobs/software-engineer-infra-phonepe-422022,"[""Bengaluru""]",Ended
Software Engineer II,Microsoft,https://unstop.com/jobs/software-engineer-ii-microsoft-430536,"[""Bengaluru""]",Ended
Associate Software Engineer,EY (Ernst & Young),https://unstop.com/jobs/associate-software-engineer-ey-ernst-young-407895,"[""Pune"",""Bengaluru""]",Ended
Graduate Software Engineer,Hewlett Packard,https://unstop.com/jobs/graduate-software-engineer-hewlett-packard-enterprise-381060,"[""Bengaluru""]",Ended
Software Engineer 1 ,Dell Technologies,https://unstop.com/jobs/software-engineer-1-dell-technologies-374104,"[""Bengaluru""]",Ended
Associate Software Engineer,Blue Yonder,https://unstop.com/jobs/associate-software-engineer-blue-yonder-360605,"[""Bengaluru""]",Ended
Senior Java Developer (Microservices),Unisys,https://unstop.com/jobs/senior-java-developer-microservices-unisys-669795,"[""Bengaluru""]",Ended
Java Software Engineer I,JPMorgan Chase & Co.,https://unstop.com/jobs/java-software-engineer-i-jpmorgan-chase-co-674841,"[""Bengaluru""]",Ended
Frontend Developer (React JS),Other organization not listed here,https://unstop.com/jobs/frontend-developer-react-js-artiscien-605898,"[""Hyderabad"",""Bengaluru""]",Ended
SharePoint Power Platform Developer,AECOM,https://unstop.com/jobs/sharepoint-power-platform-developer-aecom-619059,"[""Bengaluru""]",Ended
MS Dynamics CRM Developer,Kerv Digital,https://unstop.com/jobs/ms-dynamics-crm-developer-kerv-digital-489303,"[""Bengaluru"",""Pune""]",Ended
Java Spring Boot Microservices Developer,Tata Consultancy Services (TCS),https://unstop.com/jobs/java-spring-boot-microservices-developer-tata-consultancy-services-tcs-684094,"[""Bengaluru"",""Karnataka""]",Ended
"Associate Developer, Software Development",TransUnion,https://unstop.com/jobs/associate-developer-software-development-transunion-632632,"[""Bengaluru""]",Ended
Associate Software Application Tester,Boeing,https://unstop.com/jobs/associate-software-application-tester-boeing-620634,"[""Bengaluru""]",Ended
Associate Software Engineer (Avionics),Boeing,https://unstop.com/jobs/associate-software-engineer-avionics-boeing-630502,"[""Bengaluru""]",Ended
Software Quality Analyst Offshore,Sutherland Global Services,https://unstop.com/jobs/software-quality-analyst-offshore-sutherland-global-services-643553,"[""Bengaluru""]",Ended
Python (Django) Web Developer,WatchOut Wearables,https://unstop.com/jobs/python-django-web-developer-watchout-wearables-581855,"[""Hyderabad"",""Bengaluru""]",Ended
Full Stack Developer (Back-end),Kearney,https://unstop.com/jobs/full-stack-developer-back-end-kearney-563715,"[""Gurgaon"",""Pune"",""Bengaluru""]",Ended
SDE2 - Android Developer,Furlenco,https://unstop.com/jobs/sde2-android-developer-furlenco-423733,"[""Bengaluru""]",Ended
Software Test Engineer (FT),Nbyula,https://unstop.com/jobs/software-test-engineer-ft-nbyula-618585,"[""Bengaluru""]",Ended
SDE2 - IOS Developer,Furlenco,https://unstop.com/jobs/sde2-ios-developer-furlenco-423735,"[""Bengaluru""]",Ended
Associate Software Engineer (GDS),EY (Ernst & Young),https://unstop.com/jobs/associate-software-engineer-gds-ey-ernst-young-590151,"[""Bengaluru""]",Ended
Software Engineer (Internal Audit),Goldman Sachs,https://unstop.com/jobs/software-engineer-internal-audit-goldman-sachs-601493,"[""Bengaluru""]",Ended
Software Manager (Product Solutions),Cashfree Payments,https://unstop.com/jobs/software-manager-product-solutions-cashfree-payments-589984,"[""Bengaluru""]",Ended
Software Engineer II (iOS),Uber Technologies Inc.,https://unstop.com/jobs/software-engineer-ii-ios-uber-technologies-inc-582839,"[""Bengaluru""]",Ended
Software Integration Engineer (MBOS),Mercedes-Benz,https://unstop.com/jobs/software-integration-engineer-mbos-mercedes-benz-576491,"[""Bengaluru""]",Ended
Software Automation Engineer I,Dell Technologies,https://unstop.com/jobs/software-automation-engineer-i-dell-technologies-566787,"[""Bengaluru""]",Ended
Software Dev Engineer II,Tesco,https://unstop.com/jobs/software-dev-engineer-ii-tesco-488965,"[""Bengaluru""]",Ended
Software Development Engineer (Backend),Meesho,https://unstop.com/jobs/software-development-engineer-backend-meesho-465575,"[""Bengaluru""]",Ended
Software Development Engineer (Research),Microsoft,https://unstop.com/jobs/software-development-engineer-research-microsoft-577990,"[""Bengaluru""]",Ended
Software Application Development Engineer,Intel,https://unstop.com/jobs/software-application-development-engineer-intel-458893,"[""Bengaluru""]",Ended
Software Engineer - I,myGate,https://unstop.com/jobs/software-engineer-i-mygate-440540,"[""Bengaluru""]",Ended
Software Engineer - CS,Microsoft,https://unstop.com/jobs/software-engineer-cs-microsoft-439794,"[""Bengaluru""]",Ended
Software Asset Management Administrator,SNC Lavalin,https://unstop.com/jobs/software-asset-management-administrator-snc-lavalin-403878,"[""Bengaluru""]",Ended
Software Engineer ll (Infosec),Walmart Global Tech in India,https://unstop.com/jobs/software-engineer-ll-infosec-walmart-global-tech-india-440151,"[""Bengaluru""]",Ended
Backend Software Engineer (Java),AiDash,https://unstop.com/jobs/backend-software-engineer-java-aidash-445581,"[""Bengaluru""]",Ended
Software Engineer - Frontend,Freshworks,https://unstop.com/jobs/software-engineer-frontend-freshworks-446582,"[""Bengaluru""]",Ended
Senior Software Engineer Specialist,IQVIA,https://unstop.com/jobs/senior-software-engineer-specialist-iqvia-448765,"[""Bengaluru""]",Ended
GPU Software Engineering Internship,Intel India,https://unstop.com/jobs/gpu-software-engineering-internship-intel-india-433409,"[""Bengaluru""]",Ended
Software Application Development Engineer,Intel,https://unstop.com/jobs/software-application-development-engineer-intel-380910,"[""Bengaluru""]",Ended
Software Development Engineer II,Hotstar,https://unstop.com/jobs/software-development-engineer-ii-hotstar-373749,"[""Bengaluru"",""Hyderabad""]",Ended
Software Engineer I Python,JPMorgan Chase & Co.,https://unstop.com/jobs/software-engineer-i-python-jpmorgan-chase-co-633567,"[""Bengaluru""]",Ended
Software Product Engineer FT,Nbyula,https://unstop.com/jobs/software-product-engineer-ft-nbyula-618570,"[""Bengaluru""]",Ended
Software Application Engineer (FT),Nbyula,https://unstop.com/jobs/software-application-engineer-ft-nbyula-618564,"[""Bengaluru""]",Ended
R&D Software QA Engineer,Hewlett Packard,https://unstop.com/jobs/rd-software-qa-engineer-hewlett-packard-enterprise-599903,"[""Bengaluru""]",Ended
Senior Software Engineer - Data,Sense Talent Engagement Platform,https://unstop.com/jobs/senior-software-engineer-data-sense-talent-engagement-platform-678806,"[""Bengaluru"",""Karnataka""]",Ended
Cloud Software Development Engineer,Intel,https://unstop.com/jobs/cloud-software-development-engineer-intel-539823,"[""Bengaluru""]",Ended
Software Engineer (Instructional Designer),CGI,https://unstop.com/jobs/software-engineer-instructional-designer-cgi-449015,"[""Bengaluru""]",Ended
Software Engineer ll (DS&I),Walmart India Pvt. Ltd.,https://unstop.com/jobs/software-engineer-ll-dsi-walmart-india-pvt-ltd-435503,"[""Bengaluru""]",Ended
Software Development Engineer III/IV,DealShare,https://unstop.com/jobs/software-development-engineer-iiiiv-dealshare-437677,"[""Bengaluru""]",Ended
Software Engineer (Frontend Development),Furlenco,https://unstop.com/jobs/software-engineer-frontend-development-furlenco-423722,"[""Bengaluru""]",Ended
Software Dev Engineer II,Tesco,https://unstop.com/jobs/software-dev-engineer-ii-tesco-381951,"[""Bengaluru""]",Ended
Software Development Engineer (PARS),Amazon,https://unstop.com/jobs/software-development-engineer-pars-amazon-374303,"[""Bengaluru""]",Ended
 Associate Software Engineer (ASE),Accenture,https://unstop.com/jobs/associate-software-engineer-ase-accenture-363978,"[""Bengaluru"",""Hyderabad"",""Chennai"",""Mumbai"",""Pune"",""Gurgaon"",""Kolkata""]",Ended
Software Development Engineer II,Tesco,https://unstop.com/jobs/software-development-engineer-ii-tesco-479603,"[""Bengaluru""]",Ended
Software Engineer (Google Cloud),Google,https://unstop.com/jobs/software-engineer-google-cloud-google-458890,"[""Bengaluru""]",Ended
Distinguished Software Engineer (SASE),Palo Alto Networks India,https://unstop.com/jobs/distinguished-software-engineer-sase-palo-alto-networks-india-458917,"[""Bengaluru""]",Ended
Software Engineer (Internal Applications),Cisco,https://unstop.com/jobs/software-engineer-internal-applications-cisco-408021,"[""Bengaluru""]",Ended
Front End Developer - Angular,Conduent,https://unstop.com/jobs/front-end-developer-angular-conduent-638225,"[""Bengaluru""]",Ended
Senior Engineer - JavaScript Developer,Unisys,https://unstop.com/jobs/senior-engineer-javascript-developer-unisys-592244,"[""Bengaluru""]",Ended
Backend Developer - Supply Chain,Mercedes-Benz Research & Development India,https://unstop.com/jobs/backend-developer-supply-chain-mercedes-benz-research-development-india-609870,"[""Bengaluru""]",Ended
Business Operations & Analytics Developer,Labcorp Drug Development,https://unstop.com/jobs/business-operations-analytics-developer-labcorp-drug-development-439998,"[""Bengaluru""]",Ended
Oracle Narrative Reports and OAC Developer,EY (Ernst & Young),https://unstop.com/jobs/oracle-narrative-reports-and-oac-developer-ey-ernst-young-374833,"[""Bengaluru""]",Ended
Associate Manager - Content Developer,Eli Lilly & Company,https://unstop.com/jobs/associate-manager-content-developer-eli-lilly-company-587212,"[""Bengaluru""]",Ended
Application Developer - Content & Courseware Design,IBM,https://unstop.com/jobs/application-developer-content-courseware-design-ibm-693150,"[""Bengaluru"",""Karnataka""]",Ended
Web Developer - SDE II/III/IV,KhataBook,https://unstop.com/jobs/web-developer-sde-iiiiiiv-khatabook-362585,"[""Bengaluru""]",Ended
Cloud Application Developer (New Graduates),Cisco,https://unstop.com/jobs/cloud-application-developmer-new-graduates-cisco-525702,"[""Bengaluru""]",Ended
Java Webservices & PLSQL Developer,Oracle,https://unstop.com/jobs/java-webservices-plsql-developer-oracle-479700,"[""Bengaluru""]",Ended
Software Engineer - Backend Securtime,ADP Solutions,https://unstop.com/p/software-engineer-backend-securtime-adp-solutions-659285,"[""Bengaluru""]",Ended
Associate Software Engineer - Avionics,Boeing,https://unstop.com/jobs/associate-software-engineer-avionics-boeing-598933,"[""Bengaluru""]",Ended
Software Engineer III (Google Cloud),Google,https://unstop.com/jobs/software-engineer-iii-google-cloud-google-473790,"[""Bengaluru""]",Ended
Staff Software Engineer - U4B,Uber Technologies Inc.,https://unstop.com/jobs/staff-software-engineer-u4b-uber-technologies-inc-446177,"[""Bengaluru""]",Ended
Full Stack Software Engineer III ,Walmart Global Tech in India,https://unstop.com/jobs/full-stack-software-engineer-iii-walmart-global-tech-india-440149,"[""Bengaluru""]",Ended
Senior Software Engineer - PaaS,RedBus.in,https://unstop.com/jobs/senior-software-engineer-paas-redbusin-440640,"[""Bengaluru""]",Ended
Software Engineer - Corp Eng,Google,https://unstop.com/jobs/software-engineer-corp-eng-google-558996,"[""Bengaluru""]",Ended
Software Engineer II (BIOS Automation),Dell Technologies,https://unstop.com/jobs/software-engineer-ii-bios-automation-dell-technologies-578231,"[""Bengaluru""]",Ended
Software Development Engineer - QA,RedBus.in,https://unstop.com/jobs/software-development-engineer-qa-redbusin-440639,"[""Bengaluru""]",Ended
Senior Software Engineer (Java/ Golang),RedBus.in,https://unstop.com/jobs/senior-software-engineer-java-golang-redbusin-440890,"[""Bengaluru""]",Ended
Software Engineer - Production Support,Societe Generale Global Solution Centre (SG GSC) ,https://unstop.com/jobs/software-engineer-production-support-societe-generale-global-solution-centre-sg-gsc-421780,"[""Bengaluru""]",Ended
Software Engineering - Internal Audit,Goldman Sachs,https://unstop.com/jobs/software-engineering-internal-audit-goldman-sachs-594626,"[""Bengaluru""]",Ended
Senior Software Engineer (Data Engineering),Gartner,https://unstop.com/jobs/senior-software-engineer-data-engineering-gartner-589653,"[""Gurgaon"",""Bengaluru""]",Ended
Software Engineer II (BIOS Automation),Dell Technologies,https://unstop.com/jobs/software-engineer-ii-bios-automation-dell-technologies-589372,"[""Bengaluru""]",Ended
Software Engineer 1 (BOM App),Nike,https://unstop.com/jobs/software-engineer-1-bom-app-nike-556885,"[""Bengaluru""]",Ended
Software Engineer I (Cloud Backend),Blackberry,https://unstop.com/jobs/software-engineer-i-cloud-backend-blackberry-541740,"[""Bengaluru""]",Ended
PLM Software Engineer (3D Experience),Airbus,https://unstop.com/jobs/plm-software-engineer-3d-experience-airbus-474221,"[""Bengaluru""]",Ended
Java Developer - FX Technical Onboarding,London Stock Exchange Group,https://unstop.com/jobs/java-developer-fx-technical-onboarding-london-stock-exchange-group-598430,"[""Bengaluru""]",Ended
App Developer - iOS & Android,Cure.Fit,https://unstop.com/jobs/app-developer-ios-android-curefit-423140,"[""Bengaluru""]",Ended
