,Company,Title,Location(s),link
0,Allen Career Institute,Software Engineer - 2, Bangalore,https://www.instahyre.com/job-286433-software-engineer-2-at-allen-career-institute-bangalore/
1,Amagi Corporation,Senior Software Development Engineer in Test, Bangalore,https://www.instahyre.com/job-286551-senior-software-development-engineer-in-test-at-amagi-corporation-bangalore/
2,Amazon,Product Manager, Bangalore,https://www.instahyre.com/job-286411-product-manager-at-amazon-bangalore/
3,inai,Senior Software Engineer," Bangalore, Chennai",https://www.instahyre.com/job-286437-senior-software-engineer-at-inai-bangalore-chennai/
4,insightsoftware,Software Engineer (Drive),"g drive in Virtual (Google Meet/Zoom) for job in Bangalore, Hyderabad",https://www.instahyre.com/job-282725-software-engineer-drive-at-insightsoftware-bangalore-hyderabad/
5,InSync AI,Senior Software Engineer, Bangalore,https://www.instahyre.com/job-286641-senior-software-engineer-at-insync-ai-bangalore/
6,Ipsos,Lead Software Engineer, Bangalore,https://www.instahyre.com/job-286454-lead-software-engineer-at-ipsos-bangalore/
7,Mystifly,Software Engineer, Bangalore,https://www.instahyre.com/job-286430-software-engineer-at-mystifly-bangalore/
8,Nightfall,Backend - Software Engineer, Bangalore,https://www.instahyre.com/job-286611-backend-software-engineer-at-nightfall-bangalore/
9,One Muthoot,Software Architect, Bangalore,https://www.instahyre.com/job-286448-software-architect-at-one-muthoot-bangalore/
10,Paypal,Senior Software Engineer, Bangalore,https://www.instahyre.com/job-286371-senior-software-engineer-at-paypal-bangalore/
11,Paypal,Software Engineer, Bangalore,https://www.instahyre.com/job-286372-software-engineer-at-paypal-bangalore/
12,Paypal,Software Engineer," Bangalore, Chennai, Hyderabad",https://www.instahyre.com/job-286299-software-engineer-at-paypal-bangalore-chennai-hyderabad/
13,Paypal,Software Engineer," Bangalore, Chennai, Hyderabad",https://www.instahyre.com/job-286296-software-engineer-at-paypal-bangalore-chennai-hyderabad/
14,RingCentral,Software Development Eng (Java Cloud With Telephony / COMM), Bangalore,https://www.instahyre.com/job-286533-software-development-eng-java-cloud-with-telephony-comm-at-ringcentral-bangalore/
15,Ripplr,Software Engineer, Bangalore,https://www.instahyre.com/job-286298-software-engineer-at-ripplr-bangalore/
16,Unacademy,Senior Software Engineer - iOS, Bangalore,https://www.instahyre.com/job-286495-senior-software-engineer-ios-at-unacademy-bangalore/
17,Viacom18,Software Engineer, Bangalore,https://www.instahyre.com/job-286351-software-engineer-at-viacom18-bangalore/
18,Walmart Global Tech India,Senior Software Engineer, Bangalore,https://www.instahyre.com/job-286576-senior-software-engineer-at-walmart-global-tech-india-bangalore/
19,Wayfair,Software Development Engineer (L4), Bangalore,https://www.instahyre.com/job-286447-software-development-engineer-l4-at-wayfair-bangalore/
20,Adobe,Software Engineer - Backend, Bangalore,https://www.instahyre.com/job-285907-software-engineer-backend-at-adobe-bangalore/
21,Allen Career Institute,Software Engineer 1, Bangalore,https://www.instahyre.com/job-286142-software-engineer-1-at-allen-career-institute-bangalore/
22,AppsForBharat,Product Analyst, Bangalore,https://www.instahyre.com/job-286025-product-analyst-at-appsforbharat-bangalore/
23,Digit Insurance,Lead Software Development Manager, Bangalore,https://www.instahyre.com/job-285989-lead-software-development-manager-at-digit-insurance-bangalore/
24,Google,Senior Software Engineer," Bangalore, Hyderabad, Pune",https://www.instahyre.com/job-286037-senior-software-engineer-at-google-2-bangalore-hyderabad-pune/
25,Komprise,Sr. Software Engineer, Bangalore,https://www.instahyre.com/job-286038-sr-software-engineer-at-komprise-bangalore/
26,Odysseus Solutions,Sr. Software Developer," Anand, Bangalore, Vadodara",https://www.instahyre.com/job-286129-sr-software-developer-at-odysseus-solutions-anand-bangalore-vadodara/
27,Paypal,Senior Software Engineer," Bangalore, Chennai, Hyderabad",https://www.instahyre.com/job-286294-senior-software-engineer-at-paypal-bangalore-chennai-hyderabad/
28,PayU,Senior Software Engineer - Backend," Bangalore, Gurgaon, Pune",https://www.instahyre.com/job-285919-senior-software-engineer-backend-at-payu-bangalore-gurgaon-pune/
29,Pepperfry,Senior Software Engineer, Bangalore,https://www.instahyre.com/job-286241-senior-software-engineer-at-pepperfry-2-bangalore/
30,Quantum,Junior Software Engineer - DXi, Bangalore,https://www.instahyre.com/job-286027-junior-software-engineer-dxi-at-quantum-bangalore/
31,Quantum,Senior Software Engineer, Bangalore,https://www.instahyre.com/job-286035-senior-software-engineer-at-quantum-bangalore/
32,Quantum,Software Engineer - Core Storage, Bangalore,https://www.instahyre.com/job-286290-software-engineer-core-storage-at-quantum-bangalore/
33,Quantum,Software Engineer - NAS, Bangalore,https://www.instahyre.com/job-286039-software-engineer-nas-at-quantum-bangalore/
34,Quantum,Software Engineer - Tools and Automation Specialist, Bangalore,https://www.instahyre.com/job-286242-software-engineer-tools-and-automation-specialist-at-quantum-bangalore/
35,Tekion,Senior Software Engineer 1 - Java, Bangalore,https://www.instahyre.com/job-286235-senior-software-engineer-1-java-at-tekion-bangalore/
36,Viacom18,Software Development Engineer, Bangalore,https://www.instahyre.com/job-285963-software-development-engineer-at-viacom18-bangalore/
37,Viacom18,Software Development Engineer, Bangalore,https://www.instahyre.com/job-285962-software-development-engineer-at-viacom18-bangalore/
38,Walmart Global Tech India,Senior Software Engineer - UI, Bangalore,https://www.instahyre.com/job-286123-senior-software-engineer-ui-at-walmart-global-tech-india-bangalore/
39,Wayfair,Software Engineering Manager, Bangalore,https://www.instahyre.com/job-286081-software-engineering-manager-at-wayfair-bangalore/
40,AppViewX,Software Engineer," Bangalore, Chennai, Coimbatore",https://www.instahyre.com/job-285536-software-engineer-at-appviewx-bangalore-chennai-coimbatore/
41,Bottomline Technologies,Senior Software Engineer II, Bangalore,https://www.instahyre.com/job-285497-senior-software-engineer-ii-at-bottomline-technologies-bangalore/
42,Cyware Labs,Software Engineer, Bangalore,https://www.instahyre.com/job-285769-software-engineer-at-cyware-labs-bangalore/
43,D. E. Shaw,Software Developer - Python Infrastructure," Bangalore, Gurgaon, Hyderabad",https://www.instahyre.com/job-285481-software-developer-python-infrastructure-at-d-e-bangalore-gurgaon-hyderabad/
44,Happiest Minds Technologies,Embedded Software Engineer, Bangalore,https://www.instahyre.com/job-285574-embedded-software-engineer-at-happiest-minds-technologies-bangalore/
45,Hy,Vee - Principal Software Engineer, Bangalore,https://www.instahyre.com/job-285550-principal-software-engineer-at-hy-vee-bangalore/
46,Hy,Vee - Principal Software Engineer, Bangalore,https://www.instahyre.com/job-285662-principal-software-engineer-at-hy-vee-bangalore/
47,Hy,Vee - Senior Software Engineer, Bangalore,https://www.instahyre.com/job-285754-senior-software-engineer-at-hy-vee-bangalore/
48,Intuit,Senior Software Engineer, Bangalore,https://www.instahyre.com/job-285494-senior-software-engineer-at-intuit-bangalore/
49,Murf AI,Enterprise Product Manager, Bangalore,https://www.instahyre.com/job-285527-enterprise-product-manager-at-murf-ai-bangalore/
50,Plate IQ,Software Engineer," Bangalore, Work From Home",https://www.instahyre.com/job-285598-software-engineer-at-plate-iq-bangalore-work-from-home/
51,Refyne,Software Development Engineer - 2, Bangalore,https://www.instahyre.com/job-285722-software-development-engineer-2-at-refyne-bangalore/
52,RocketPay,Software Engineer, Bangalore,https://www.instahyre.com/job-285642-software-engineer-at-rocketpay-bangalore/
53,SambaNova Systems,Senior Product Manager, Bangalore,https://www.instahyre.com/job-285466-senior-product-manager-at-sambanova-systems-bangalore/
54,Uber,Senior Staff Software Engineer, Bangalore,https://www.instahyre.com/job-285506-senior-staff-software-engineer-at-uber-bangalore/
55,Ushur,Senior Software Engineer, Bangalore,https://www.instahyre.com/job-285698-senior-software-engineer-at-ushur-bangalore/
56,Verint,Senior Software Engineer, Bangalore,https://www.instahyre.com/job-285445-senior-software-engineer-at-verint-bangalore/
57,Wakefit,Software Engineer, Bangalore,https://www.instahyre.com/job-285605-software-engineer-at-wakefit-bangalore/
58,Wayfair,Software Engineer, Bangalore,https://www.instahyre.com/job-285559-software-engineer-at-wayfair-bangalore/
59,ZET,Senior Software Engineer, Bangalore,https://www.instahyre.com/job-285846-senior-software-engineer-at-zet-bangalore/
60,BT,Senior Software Specialist (Flutter), Bangalore,https://www.instahyre.com/job-285084-senior-software-specialist-flutter-at-bt-3-bangalore/
61,BT,Software Engineer - AEM Specialist, Bangalore,https://www.instahyre.com/job-285261-software-engineer-aem-specialist-at-bt-3-bangalore/
62,BT,Software Engineer Specialist - Full Stack, Bangalore,https://www.instahyre.com/job-285086-software-engineer-specialist-full-stack-at-bt-3-bangalore/
63,Cleartrip,Software Engineer, Bangalore,https://www.instahyre.com/job-285289-software-engineer-at-cleartrip-bangalore/
64,Exxat,Software Development Engineer III (Mobile), Bangalore,https://www.instahyre.com/job-285026-software-development-engineer-iii-mobile-at-exxat-bangalore/
65,Fintellix Solutions,.NET Software Developer, Bangalore,https://www.instahyre.com/job-285354-net-software-developer-at-fintellix-solutions-bangalore/
66,Intuit,Senior Software Engineer, Bangalore,https://www.instahyre.com/job-284940-senior-software-engineer-at-intuit-bangalore/
67,Intuit,Senior Software Engineer, Bangalore,https://www.instahyre.com/job-285188-senior-software-engineer-at-intuit-bangalore/
68,Netradyne,Senior Software Engineer, Bangalore,https://www.instahyre.com/job-285336-senior-software-engineer-at-netradyne-bangalore/
69,New Relic,Senior Software Engineer," Bangalore, Hyderabad",https://www.instahyre.com/job-285414-senior-software-engineer-at-new-relic-bangalore-hyderabad/
70,Nexthink,Software Engineer in Test Endpoint Agent, Bangalore,https://www.instahyre.com/job-285309-software-engineer-in-test-endpoint-agent-at-nexthink-bangalore/
71,Niral Networks,Software Engineer, Bangalore,https://www.instahyre.com/job-285417-software-engineer-at-niral-networks-bangalore/
72,Nitara,Software Developer, Bangalore,https://www.instahyre.com/job-285101-software-developer-at-nitara-2-bangalore/
73,PhysicsWallah,Software Engineer, Bangalore,https://www.instahyre.com/job-285389-software-engineer-at-physicswallah-bangalore/
74,Salesken,Senior Software Developer, Bangalore,https://www.instahyre.com/job-285157-senior-software-developer-at-salesken-bangalore/
75,Scaler Academy,Senior Software Engineer / SDE - 3 Backend," Bangalore, Work From Home",https://www.instahyre.com/job-285069-senior-software-engineer-sde-3-backend-at-scaler-academy-bangalore-work-from-home/
76,Tesco,Software Development Engineer II - Backend, Bangalore,https://www.instahyre.com/job-284991-software-development-engineer-ii-backend-at-tesco-bangalore/
77,Wakefit,Software Developer - 3, Bangalore,https://www.instahyre.com/job-285380-software-developer-3-at-wakefit-bangalore/
78,Walmart Global Tech India,Software Developer, Bangalore,https://www.instahyre.com/job-284954-software-developer-at-walmart-global-tech-india-bangalore/
79,Ximkart,Senior Software Engineer, Bangalore,https://www.instahyre.com/job-285280-senior-software-engineer-at-ximkart-bangalore/
80,Akkodis,IoT Platform Software Engineer (Senior), Bangalore,https://www.instahyre.com/job-284537-iot-platform-software-engineer-senior-at-akkodis-bangalore/
81,Amazon Devices,Software Development Engineer in Test, Bangalore,https://www.instahyre.com/job-284902-software-development-engineer-in-test-at-amazon-devices-bangalore/
82,Bosch India,Software Recompute Expert, Bangalore,https://www.instahyre.com/job-284678-software-recompute-expert-at-bosch-india-bangalore/
83,Mphasis,Software Engineer, Bangalore,https://www.instahyre.com/job-284449-software-engineer-at-mphasis-bangalore/
84,Music Tribe,Embedded Software Developer, Bangalore,https://www.instahyre.com/job-284672-embedded-software-developer-at-music-tribe-bangalore/
85,Nexthink,Software Engineer in Endpoint Testing, Bangalore,https://www.instahyre.com/job-284497-software-engineer-in-endpoint-testing-at-nexthink-bangalore/
86,Planet,Senior Software Engineer, Bangalore,https://www.instahyre.com/job-284618-senior-software-engineer-at-planet-bangalore/
87,Prodigal,Lead Software Engineer, Bangalore,https://www.instahyre.com/job-284762-lead-software-engineer-at-prodigal-bangalore/
88,RingCentral,Software Development Engineer 2 / 3, Bangalore,https://www.instahyre.com/job-284500-software-development-engineer-2-3-at-ringcentral-bangalore/
89,Symphony Technology Group,GRC Software Developer (Java), Bangalore,https://www.instahyre.com/job-284670-grc-software-developer-java-at-symphony-technology-group-bangalore/
90,Tesco,Software Engineer 3, Bangalore,https://www.instahyre.com/job-284370-software-engineer-3-at-tesco-bangalore/
91,Triomics,Senior Software Engineer, Bangalore,https://www.instahyre.com/job-284529-senior-software-engineer-at-triomics-bangalore/
92,Uber,Senior Software Engineer," Bangalore, Hyderabad",https://www.instahyre.com/job-284568-senior-software-engineer-at-uber-bangalore-hyderabad/
93,Upswing Financial Technologies,Software Development Engineer 2, Bangalore,https://www.instahyre.com/job-284381-software-development-engineer-2-at-upswing-financial-technologies-bangalore/
94,Upswing Financial Technologies,Software Development Engineer 2, Bangalore,https://www.instahyre.com/job-284384-software-development-engineer-2-at-upswing-financial-technologies-bangalore/
95,Verint,Software Engineering Team Lead (R and D), Bangalore,https://www.instahyre.com/job-284562-software-engineering-team-lead-r-and-d-at-verint-bangalore/
96,Viacom18,Software Developer, Bangalore,https://www.instahyre.com/job-284726-software-developer-at-viacom18-bangalore/
97,Viacom18,Software Engineer, Bangalore,https://www.instahyre.com/job-284574-software-engineer-at-viacom18-bangalore/
98,WeRize,Senior Software Engineer in Test, Bangalore,https://www.instahyre.com/job-284681-senior-software-engineer-in-test-at-werize-bangalore/
99,WeRize,Software Engineer in Test, Bangalore,https://www.instahyre.com/job-284674-software-engineer-in-test-at-werize-bangalore/
100,AI Palette,Software Engineer, Bangalore,https://www.instahyre.com/job-284211-software-engineer-at-ai-palette-bangalore/
101,Allen Career Institute,Senior Software Engineer, Bangalore,https://www.instahyre.com/job-284368-senior-software-engineer-at-allen-career-institute-bangalore/
102,Hy,Vee - Senior Software Engineer, Bangalore,https://www.instahyre.com/job-284323-senior-software-engineer-at-hy-vee-bangalore/
103,Hy,Vee - Senior Software Engineer - Digital, Bangalore,https://www.instahyre.com/job-284193-senior-software-engineer-digital-at-hy-vee-bangalore/
104,insightsoftware,Software Engineer," Bangalore, Hyderabad",https://www.instahyre.com/job-283951-software-engineer-at-insightsoftware-bangalore-hyderabad/
105,Kickdrum,Lead Software Engineer, Bangalore,https://www.instahyre.com/job-284313-lead-software-engineer-at-kickdrum-bangalore/
106,Music Tribe,Software Engineer, Bangalore,https://www.instahyre.com/job-284148-software-engineer-at-music-tribe-bangalore/
107,Navya Care,Software Engineer - Front End, Bangalore,https://www.instahyre.com/job-283985-software-engineer-front-end-at-navya-care-bangalore/
108,Paypal,Software Engineer, Bangalore,https://www.instahyre.com/job-284218-software-engineer-at-paypal-bangalore/
109,PhonePe,Software Engineer, Bangalore,https://www.instahyre.com/job-283956-software-engineer-at-phonepe-bangalore/
110,PhonePe,Software Engineer, Bangalore,https://www.instahyre.com/job-283968-software-engineer-at-phonepe-bangalore/
111,Prophecy,Senior Software Engineer, Bangalore,https://www.instahyre.com/job-284247-senior-software-engineer-at-prophecy-bangalore/
112,Recro,Software Engineer, Bangalore,https://www.instahyre.com/job-284056-software-engineer-at-recro-2-bangalore/
113,Recro,Software Engineer, Bangalore,https://www.instahyre.com/job-284366-software-engineer-at-recro-2-bangalore/
114,Signzy,Software Engineer - 3, Bangalore,https://www.instahyre.com/job-284354-software-engineer-3-at-signzy-bangalore/
115,Tata Elxsi,Software Developer, Bangalore,https://www.instahyre.com/job-283962-software-developer-at-tata-elxsi-bangalore/
116,Tekion,Senior Software Engineer - Backend, Bangalore,https://www.instahyre.com/job-284234-senior-software-engineer-backend-at-tekion-bangalore/
117,Tesco,Software Development Engineer II - Backend, Bangalore,https://www.instahyre.com/job-284365-software-development-engineer-ii-backend-at-tesco-bangalore/
118,Verint,Senior Software Architect, Bangalore,https://www.instahyre.com/job-283988-senior-software-architect-at-verint-bangalore/
119,Walmart Global Tech India,Staff Software Engineer, Bangalore,https://www.instahyre.com/job-284137-staff-software-engineer-at-walmart-global-tech-india-bangalore/
120,Allen Career Institute,Senior Software Engineer, Bangalore,https://www.instahyre.com/job-283573-senior-software-engineer-at-allen-career-institute-bangalore/
121,Amazon Devices,"Sr. Software Quality Assurance Engineer, QA Lead", Bangalore,https://www.instahyre.com/job-283598-sr-software-quality-assurance-engineer-qa-lead-at-amazon-devices-bangalore/
122,BlackLine,Sr. Software Engineer, Bangalore,https://www.instahyre.com/job-283857-sr-software-engineer-at-blackline-bangalore/
123,BT,Software Engineering Manager - Fullstack, Bangalore,https://www.instahyre.com/job-283772-software-engineering-manager-fullstack-at-bt-3-bangalore/
124,insightsoftware,Software Engineer," Bangalore, Hyderabad",https://www.instahyre.com/job-283709-software-engineer-at-insightsoftware-bangalore-hyderabad/
125,insightsoftware,Software Engineer," Bangalore, Hyderabad",https://www.instahyre.com/job-283714-software-engineer-at-insightsoftware-bangalore-hyderabad/
126,Open Financial Technologies,Software Engineer, Bangalore,https://www.instahyre.com/job-283619-software-engineer-at-open-financial-technologies-bangalore/
127,PhonePe,Software Engineer, Bangalore,https://www.instahyre.com/job-283577-software-engineer-at-phonepe-bangalore/
128,PhonePe,Software Engineer, Bangalore,https://www.instahyre.com/job-283933-software-engineer-at-phonepe-bangalore/
129,StockX,Senior Software Engineer - iOS, Bangalore,https://www.instahyre.com/job-283882-senior-software-engineer-ios-at-stockx-bangalore/
130,StockX,Software Engineer - Web, Bangalore,https://www.instahyre.com/job-283873-software-engineer-web-at-stockx-bangalore/
131,SVK Global Solutions,System Integrator / Software Integrator, Bangalore,https://www.instahyre.com/job-283762-system-integrator-software-integrator-at-svk-global-solutions-bangalore/
132,Tekion,Senior Software Engineer, Bangalore,https://www.instahyre.com/job-283931-senior-software-engineer-at-tekion-bangalore/
133,Tesco,Software Development Engineering III, Bangalore,https://www.instahyre.com/job-283694-software-development-engineering-iii-at-tesco-bangalore/
134,Triomics,Senior Software Engineer, Bangalore,https://www.instahyre.com/job-283736-senior-software-engineer-at-triomics-bangalore/
135,upGrad,Software Engineer - I, Bangalore,https://www.instahyre.com/job-283922-software-engineer-i-at-upgrad-bangalore/
136,Visa,Software Engineer, Bangalore,https://www.instahyre.com/job-283679-software-engineer-at-visa-2-bangalore/
137,Wayfair,Software Engineer - Android, Bangalore,https://www.instahyre.com/job-283800-software-engineer-android-at-wayfair-bangalore/
138,Wayfair,Software Engineer - iOS, Bangalore,https://www.instahyre.com/job-283798-software-engineer-ios-at-wayfair-bangalore/
139,Wayfair,SRE - Software Engineer, Bangalore,https://www.instahyre.com/job-283743-sre-software-engineer-at-wayfair-bangalore/
140,Abnormal Security,Software Engineer, Bangalore,https://www.instahyre.com/job-283210-software-engineer-at-abnormal-security-bangalore/
141,Allen Career Institute,Senior Software Engineer - Backend, Bangalore,https://www.instahyre.com/job-283557-senior-software-engineer-backend-at-allen-career-institute-bangalore/
142,Amazon Devices,Software Development Engineer," Bangalore, Chennai",https://www.instahyre.com/job-283405-software-development-engineer-at-amazon-devices-bangalore-chennai/
143,Bhanzu,Software Engineer, Bangalore,https://www.instahyre.com/job-283250-software-engineer-at-bhanzu-bangalore/
144,Bright Money,Software Development Engineer, Bangalore,https://www.instahyre.com/job-283412-software-development-engineer-at-bright-money-bangalore/
145,Cure.Fit,Software Engineer, Bangalore,https://www.instahyre.com/job-283346-software-engineer-at-cure-bangalore/
146,Fairmatic,"Senior Software Engineer (Level - III) , Backend", Bangalore,https://www.instahyre.com/job-283522-senior-software-engineer-level-iii-backend-at-fairmatic-bangalore/
147,Habuild,Associate Product Manager, Bangalore,https://www.instahyre.com/job-283467-associate-product-manager-at-habuild-bangalore/
148,Hy,Vee - Senior Software Engineer, Bangalore,https://www.instahyre.com/job-283363-senior-software-engineer-at-hy-vee-bangalore/
149,Hy,Vee - Software Engineer - Digital, Bangalore,https://www.instahyre.com/job-283555-software-engineer-digital-at-hy-vee-bangalore/
150,Montbleu Technologies,Infotainment Software Engineer, Bangalore,https://www.instahyre.com/job-283431-infotainment-software-engineer-at-montbleu-technologies-bangalore/
151,Persistent Systems,Software Developer, Bangalore,https://www.instahyre.com/job-283362-software-developer-at-persistent-systems-bangalore/
152,Persistent Systems,Software Engineer, Bangalore,https://www.instahyre.com/job-283200-software-engineer-at-persistent-systems-bangalore/
153,PhonePe,Software Engineer, Bangalore,https://www.instahyre.com/job-283251-software-engineer-at-phonepe-bangalore/
154,PhonePe,Software Engineer, Bangalore,https://www.instahyre.com/job-283301-software-engineer-at-phonepe-bangalore/
155,Plate IQ,Software Engineer - Backend, Bangalore,https://www.instahyre.com/job-283394-software-engineer-backend-at-plate-iq-bangalore/
156,Quantum,Junior Software Engineer, Bangalore,https://www.instahyre.com/job-283234-junior-software-engineer-at-quantum-bangalore/
157,Triomics,Lead Software Engineer, Bangalore,https://www.instahyre.com/job-283238-lead-software-engineer-at-triomics-bangalore/
158,Ushur,Software Engineering Manager, Bangalore,https://www.instahyre.com/job-283430-software-engineering-manager-at-ushur-bangalore/
159,Wayfair,Senior Software Engineer - Frontend, Bangalore,https://www.instahyre.com/job-283304-senior-software-engineer-frontend-at-wayfair-bangalore/
160,Abnormal Security,Senior Software Engineer - Fullstack, Bangalore,https://www.instahyre.com/job-282753-senior-software-engineer-fullstack-at-abnormal-security-bangalore/
161,Arcana,Software Engineer," Bangalore, Coimbatore",https://www.instahyre.com/job-282984-software-engineer-at-arcana-bangalore-coimbatore/
162,Einfochips,Software Integrator, Bangalore,https://www.instahyre.com/job-282668-software-integrator-at-einfochips-bangalore/
163,Ennoventure,Senior Software Engineer, Bangalore,https://www.instahyre.com/job-283184-senior-software-engineer-at-ennoventure-bangalore/
164,Entropik Technologies,Senior Software Engineer, Bangalore,https://www.instahyre.com/job-282818-senior-software-engineer-at-entropik-technologies-bangalore/
165,HighXP Games,Software Engineer, Bangalore,https://www.instahyre.com/job-282754-software-engineer-at-highxp-games-bangalore/
166,Intuit,Senior Software Engineer - Kotlin Developer, Bangalore,https://www.instahyre.com/job-282654-senior-software-engineer-kotlin-developer-at-intuit-bangalore/
167,Intuit,Software Engineer (Internship), Bangalore,https://www.instahyre.com/job-282840-software-engineer-internship-at-intuit-bangalore/
168,Intuit,Staff Software Engineer - Fullstack, Bangalore,https://www.instahyre.com/job-283162-staff-software-engineer-fullstack-at-intuit-bangalore/
169,Kickdrum,Software Developer, Bangalore,https://www.instahyre.com/job-282747-software-developer-at-kickdrum-bangalore/
170,Kognitos,Software Engineer (Integration), Bangalore,https://www.instahyre.com/job-283031-software-engineer-integration-at-kognitos-bangalore/
171,Mphasis,Software Developer, Bangalore,https://www.instahyre.com/job-282728-software-developer-at-mphasis-bangalore/
172,Persistent Systems,Software Engineer, Bangalore,https://www.instahyre.com/job-282877-software-engineer-at-persistent-systems-bangalore/
173,Persistent Systems,Software Engineer, Bangalore,https://www.instahyre.com/job-282878-software-engineer-at-persistent-systems-bangalore/
174,Persistent Systems,Software Engineer, Bangalore,https://www.instahyre.com/job-282978-software-engineer-at-persistent-systems-bangalore/
175,Persistent Systems,Software Engineer, Bangalore,https://www.instahyre.com/job-283192-software-engineer-at-persistent-systems-bangalore/
176,Persistent Systems,Software Engineer, Bangalore,https://www.instahyre.com/job-283194-software-engineer-at-persistent-systems-bangalore/
177,Rupeek,Software Engineer 2," Bangalore, Cochin, Kochi",https://www.instahyre.com/job-282772-software-engineer-2-at-rupeek-2-bangalore-cochin-kochi/
178,Scaler Academy,Senior Software Engineer Frontend / SDE - 3," Bangalore, Work From Home",https://www.instahyre.com/job-282688-senior-software-engineer-frontend-sde-3-at-scaler-academy-bangalore-work-from-home/
179,Wayfair,Senior Software Engineer - Marketing Technology, Bangalore,https://www.instahyre.com/job-282709-senior-software-engineer-marketing-technology-at-wayfair-bangalore/
180,Adagrad AI,Senior Software Engineer, Bangalore,https://www.instahyre.com/job-282488-senior-software-engineer-at-adagrad-ai-bangalore/
181,Cars24,Software Engineer," Bangalore, Gurgaon",https://www.instahyre.com/job-282254-software-engineer-at-cars24-bangalore-gurgaon/
182,Cleartrip,Product Manager, Bangalore,https://www.instahyre.com/job-282392-product-manager-at-cleartrip-bangalore/
183,Conviva,Staff Software Engineer (Android), Bangalore,https://www.instahyre.com/job-282449-staff-software-engineer-android-at-conviva-bangalore/
184,Conviva,Staff Software Engineer (JavaScript), Bangalore,https://www.instahyre.com/job-282448-staff-software-engineer-javascript-at-conviva-bangalore/
185,ElectricPe,Associate Product Manager, Bangalore,https://www.instahyre.com/job-282239-associate-product-manager-at-electricpe-bangalore/
186,Freight Tiger,Software Engineer - II, Bangalore,https://www.instahyre.com/job-282355-software-engineer-ii-at-freight-tiger-bangalore/
187,GrayMatter Software Services,Senior Software Engineer, Bangalore,https://www.instahyre.com/job-282258-senior-software-engineer-at-graymatter-software-services-bangalore/
188,Houghton Mifflin Harcourt,Staff Software Engineer, Bangalore,https://www.instahyre.com/job-282310-staff-software-engineer-at-houghton-mifflin-harcourt-bangalore/
189,Hy,Vee - Software Engineer Mobile - Digital, Bangalore,https://www.instahyre.com/job-282592-software-engineer-mobile-digital-at-hy-vee-bangalore/
190,Intuit,Software Engineer 2 (Kotlin Developer), Bangalore,https://www.instahyre.com/job-282650-software-engineer-2-kotlin-developer-at-intuit-bangalore/
191,LightMetrics,Software Engineer (FE), Bangalore,https://www.instahyre.com/job-282204-software-engineer-fe-at-lightmetrics-bangalore/
192,Maersk,Software Engineer, Bangalore,https://www.instahyre.com/job-282413-software-engineer-at-maersk-bangalore/
193,Oracle,Software Developer, Bangalore,https://www.instahyre.com/job-282289-software-developer-at-oracle-bangalore/
194,Persistent Systems,Software Developer, Bangalore,https://www.instahyre.com/job-282545-software-developer-at-persistent-systems-bangalore/
195,Persistent Systems,Software Engineer, Bangalore,https://www.instahyre.com/job-282556-software-engineer-at-persistent-systems-bangalore/
196,SmartDrive,Software Architect, Bangalore,https://www.instahyre.com/job-282415-software-architect-at-smartdrive-bangalore/
197,Sorice Solutions,Embedded Software Engineer," Bangalore, Cochin",https://www.instahyre.com/job-282298-embedded-software-engineer-at-sorice-solutions-bangalore-cochin/
198,Uber,Software Engineer 2 - Android," Bangalore, Hyderabad",https://www.instahyre.com/job-282346-software-engineer-2-android-at-uber-bangalore-hyderabad/
199,Wayfair,Staff Software Engineer, Bangalore,https://www.instahyre.com/job-282543-staff-software-engineer-at-wayfair-bangalore/
